-- phpMyAdmin SQL Dump
-- version 5.0.2
-- https://www.phpmyadmin.net/
--
-- Host: 127.0.0.1
-- Generation Time: Aug 11, 2020 at 02:41 PM
-- Server version: 10.4.13-MariaDB
-- PHP Version: 7.2.32

SET SQL_MODE = "NO_AUTO_VALUE_ON_ZERO";
START TRANSACTION;
SET time_zone = "+00:00";


/*!40101 SET @OLD_CHARACTER_SET_CLIENT=@@CHARACTER_SET_CLIENT */;
/*!40101 SET @OLD_CHARACTER_SET_RESULTS=@@CHARACTER_SET_RESULTS */;
/*!40101 SET @OLD_COLLATION_CONNECTION=@@COLLATION_CONNECTION */;
/*!40101 SET NAMES utf8mb4 */;

--
-- Database: `reservation`
--

-- --------------------------------------------------------

--
-- Table structure for table `halls`
--

CREATE TABLE `halls` (
  `id` int(10) UNSIGNED NOT NULL,
  `name` varchar(50) COLLATE utf8mb4_unicode_ci NOT NULL,
  `seats_number` int(11) NOT NULL,
  `created_at` timestamp NULL DEFAULT NULL,
  `updated_at` timestamp NULL DEFAULT NULL,
  `deleted_at` timestamp NULL DEFAULT NULL
) ENGINE=InnoDB DEFAULT CHARSET=utf8mb4 COLLATE=utf8mb4_unicode_ci;

--
-- Dumping data for table `halls`
--

INSERT INTO `halls` (`id`, `name`, `seats_number`, `created_at`, `updated_at`, `deleted_at`) VALUES
(1, 'Dvorana1', 100, '2020-02-26 16:13:21', '2020-02-26 16:13:21', NULL),
(2, 'Dvorana2', 100, '2020-02-26 16:13:21', '2020-02-26 16:13:21', NULL),
(3, 'Dvorana3', 100, '2020-02-26 16:13:21', '2020-02-26 16:13:21', NULL),
(4, 'Dvorana4', 100, '2020-02-26 16:13:22', '2020-02-26 16:13:22', NULL),
(5, 'sadasfas', 12, '2020-02-26 16:21:02', '2020-02-26 16:21:02', NULL),
(6, 'Dvorana 7', 50, '2020-07-01 10:33:11', '2020-07-01 10:33:11', NULL);

-- --------------------------------------------------------

--
-- Table structure for table `migrations`
--

CREATE TABLE `migrations` (
  `id` int(10) UNSIGNED NOT NULL,
  `migration` varchar(255) COLLATE utf8mb4_unicode_ci NOT NULL,
  `batch` int(11) NOT NULL
) ENGINE=InnoDB DEFAULT CHARSET=utf8mb4 COLLATE=utf8mb4_unicode_ci;

--
-- Dumping data for table `migrations`
--

INSERT INTO `migrations` (`id`, `migration`, `batch`) VALUES
(1, '2014_10_12_100000_create_password_resets_table', 1),
(2, '2019_12_03_172857_create_roles_table', 1),
(3, '2019_12_03_173133_update_users', 1),
(4, '2020_02_08_141833_create_movies_table', 1),
(5, '2020_02_08_160125_create_halls_table', 1),
(6, '2020_02_08_164439_create_screenings_table', 1),
(7, '2020_02_16_164754_create_seats_table', 1),
(8, '2020_02_22_110657_create_reservations_table', 1),
(9, '2020_02_23_103902_create_seat_reserveds_table', 1),
(10, '2020_02_25_180037_create_users_table', 1);

-- --------------------------------------------------------

--
-- Table structure for table `movies`
--

CREATE TABLE `movies` (
  `id` int(10) UNSIGNED NOT NULL,
  `title` varchar(255) COLLATE utf8mb4_unicode_ci NOT NULL,
  `director` varchar(255) COLLATE utf8mb4_unicode_ci NOT NULL,
  `description` text COLLATE utf8mb4_unicode_ci NOT NULL,
  `duration` int(11) NOT NULL,
  `created_at` timestamp NULL DEFAULT NULL,
  `updated_at` timestamp NULL DEFAULT NULL,
  `deleted_at` timestamp NULL DEFAULT NULL
) ENGINE=InnoDB DEFAULT CHARSET=utf8mb4 COLLATE=utf8mb4_unicode_ci;

--
-- Dumping data for table `movies`
--

INSERT INTO `movies` (`id`, `title`, `director`, `description`, `duration`, `created_at`, `updated_at`, `deleted_at`) VALUES
(1, 'Spiderman', 'guy1', 'nice movie', 119, '2020-02-26 16:13:22', '2020-02-26 16:13:22', NULL),
(2, 'Parazit', 'guy2', 'nice movie', 120, '2020-02-26 16:13:22', '2020-02-26 16:13:22', NULL),
(3, 'Hobit', 'guy3', 'nice movie', 150, '2020-02-26 16:13:22', '2020-02-26 16:13:22', NULL),
(4, 'Gladiator', 'guy4', 'nice movie', 150, '2020-02-26 16:13:22', '2020-02-26 16:13:22', NULL),
(5, 'film', 'nekilik', 'sagasgaga', 120, '2020-02-26 16:30:13', '2020-02-26 16:30:19', '2020-02-26 16:30:19'),
(6, 'aaaaaaaa', 'nnnnnnn', 'bbbbbbbb', 12, '2020-07-01 10:29:09', '2020-07-01 10:29:09', NULL);

-- --------------------------------------------------------

--
-- Table structure for table `password_resets`
--

CREATE TABLE `password_resets` (
  `email` varchar(255) COLLATE utf8mb4_unicode_ci NOT NULL,
  `token` varchar(255) COLLATE utf8mb4_unicode_ci NOT NULL,
  `created_at` timestamp NULL DEFAULT NULL
) ENGINE=InnoDB DEFAULT CHARSET=utf8mb4 COLLATE=utf8mb4_unicode_ci;

-- --------------------------------------------------------

--
-- Table structure for table `reservations`
--

CREATE TABLE `reservations` (
  `id` int(10) UNSIGNED NOT NULL,
  `user_id` int(10) UNSIGNED NOT NULL,
  `paid` tinyint(3) UNSIGNED NOT NULL,
  `active` tinyint(3) UNSIGNED NOT NULL,
  `reserved` tinyint(3) UNSIGNED NOT NULL,
  `created_at` timestamp NULL DEFAULT NULL,
  `updated_at` timestamp NULL DEFAULT NULL,
  `deleted_at` timestamp NULL DEFAULT NULL
) ENGINE=InnoDB DEFAULT CHARSET=utf8mb4 COLLATE=utf8mb4_unicode_ci;

--
-- Dumping data for table `reservations`
--

INSERT INTO `reservations` (`id`, `user_id`, `paid`, `active`, `reserved`, `created_at`, `updated_at`, `deleted_at`) VALUES
(1, 1, 0, 1, 1, '2020-02-26 16:16:18', '2020-02-26 16:16:38', '2020-02-26 16:16:38'),
(2, 2, 1, 1, 1, '2020-02-26 16:17:50', '2020-02-26 16:18:04', NULL),
(3, 1, 0, 1, 1, '2020-02-26 16:37:28', '2020-02-26 16:37:28', NULL),
(4, 1, 0, 1, 1, '2020-02-26 16:37:28', '2020-02-26 16:37:28', NULL),
(5, 1, 0, 1, 1, '2020-07-01 08:42:56', '2020-07-01 10:42:52', '2020-07-01 10:42:52'),
(6, 1, 1, 1, 1, '2020-07-01 08:43:29', '2020-07-01 10:31:56', NULL),
(7, 1, 0, 1, 1, '2020-07-01 08:43:42', '2020-07-01 10:42:56', '2020-07-01 10:42:56'),
(8, 1, 0, 1, 1, '2020-07-01 08:43:42', '2020-07-01 08:43:55', '2020-07-01 08:43:55'),
(9, 2, 0, 1, 1, '2020-07-01 08:47:53', '2020-07-01 08:48:05', '2020-07-01 08:48:05'),
(10, 5, 0, 1, 1, '2020-07-01 08:53:08', '2020-07-01 08:53:08', NULL),
(11, 5, 0, 1, 1, '2020-07-01 08:53:39', '2020-07-01 09:13:37', '2020-07-01 09:13:37'),
(12, 5, 0, 1, 1, '2020-07-01 09:13:55', '2020-07-01 09:13:55', NULL),
(13, 5, 1, 1, 1, '2020-07-01 10:25:08', '2020-07-01 10:46:57', NULL),
(14, 3, 0, 1, 1, '2020-07-01 10:34:24', '2020-07-01 10:35:02', '2020-07-01 10:35:02'),
(15, 3, 0, 1, 1, '2020-07-01 10:34:54', '2020-07-01 10:35:00', '2020-07-01 10:35:00'),
(16, 3, 0, 1, 1, '2020-07-01 10:35:17', '2020-07-01 10:37:53', '2020-07-01 10:37:53'),
(17, 3, 0, 1, 1, '2020-07-01 10:35:28', '2020-07-01 10:37:51', '2020-07-01 10:37:51'),
(18, 3, 0, 1, 1, '2020-07-01 10:35:30', '2020-07-01 10:37:49', '2020-07-01 10:37:49'),
(19, 3, 0, 1, 1, '2020-07-01 10:36:50', '2020-07-01 10:36:50', NULL),
(20, 3, 0, 1, 1, '2020-07-01 10:38:32', '2020-07-01 10:38:32', NULL),
(21, 3, 0, 1, 1, '2020-07-01 10:39:11', '2020-07-01 10:39:39', '2020-07-01 10:39:39'),
(22, 3, 0, 1, 1, '2020-07-01 10:39:33', '2020-07-01 10:39:37', '2020-07-01 10:39:37'),
(23, 3, 0, 1, 1, '2020-07-01 10:47:24', '2020-07-01 10:47:24', NULL);

-- --------------------------------------------------------

--
-- Table structure for table `roles`
--

CREATE TABLE `roles` (
  `id` bigint(20) UNSIGNED NOT NULL,
  `name` varchar(255) COLLATE utf8mb4_unicode_ci NOT NULL,
  `created_at` timestamp NULL DEFAULT NULL,
  `updated_at` timestamp NULL DEFAULT NULL
) ENGINE=InnoDB DEFAULT CHARSET=utf8mb4 COLLATE=utf8mb4_unicode_ci;

--
-- Dumping data for table `roles`
--

INSERT INTO `roles` (`id`, `name`, `created_at`, `updated_at`) VALUES
(1, 'user', '2020-02-26 16:13:50', '2020-02-26 16:13:50'),
(2, 'moderator', '2020-02-26 16:13:51', '2020-02-26 16:13:51'),
(3, 'admin', '2020-02-26 16:13:51', '2020-02-26 16:13:51');

-- --------------------------------------------------------

--
-- Table structure for table `screenings`
--

CREATE TABLE `screenings` (
  `id` int(10) UNSIGNED NOT NULL,
  `movie_id` int(10) UNSIGNED NOT NULL,
  `hall_id` int(10) UNSIGNED NOT NULL,
  `price` int(10) UNSIGNED NOT NULL,
  `start` datetime NOT NULL,
  `end` datetime NOT NULL,
  `created_at` timestamp NULL DEFAULT NULL,
  `updated_at` timestamp NULL DEFAULT NULL,
  `deleted_at` timestamp NULL DEFAULT NULL
) ENGINE=InnoDB DEFAULT CHARSET=utf8mb4 COLLATE=utf8mb4_unicode_ci;

--
-- Dumping data for table `screenings`
--

INSERT INTO `screenings` (`id`, `movie_id`, `hall_id`, `price`, `start`, `end`, `created_at`, `updated_at`, `deleted_at`) VALUES
(1, 1, 2, 20, '2020-02-25 19:33:21', '2020-02-25 21:33:21', '2020-02-26 16:13:22', '2020-02-26 16:20:22', NULL),
(2, 1, 2, 13, '2020-02-25 19:33:21', '2020-02-25 21:33:21', '2020-02-26 16:13:22', '2020-02-26 16:13:22', NULL),
(3, 1, 3, 51, '2020-02-25 19:33:21', '2020-02-25 21:33:21', '2020-02-26 16:13:22', '2020-02-26 16:13:22', NULL),
(4, 1, 4, 72, '2020-02-25 19:33:21', '2020-02-25 21:33:21', '2020-02-26 16:13:22', '2020-02-26 16:13:22', NULL),
(5, 2, 1, 14, '2020-02-26 19:33:21', '2020-02-26 21:33:21', '2020-02-26 16:13:22', '2020-02-26 16:13:22', NULL),
(6, 2, 2, 14, '2020-02-26 19:33:21', '2020-02-26 21:33:21', '2020-02-26 16:13:22', '2020-02-26 16:13:22', NULL),
(7, 2, 3, 61, '2020-02-26 19:33:21', '2020-02-26 21:33:21', '2020-02-26 16:13:22', '2020-02-26 16:13:22', NULL),
(8, 2, 4, 12, '2020-02-26 19:33:21', '2020-02-26 21:33:21', '2020-02-26 16:13:22', '2020-02-26 16:13:22', NULL),
(9, 3, 1, 15, '2020-02-27 19:33:21', '2020-02-27 21:33:21', '2020-02-26 16:13:22', '2020-02-26 16:13:22', NULL),
(10, 3, 2, 14, '2020-02-27 19:33:21', '2020-02-27 21:33:21', '2020-02-26 16:13:22', '2020-02-26 16:13:22', NULL),
(11, 3, 3, 77, '2020-02-27 19:33:21', '2020-02-27 21:33:21', '2020-02-26 16:13:22', '2020-02-26 16:13:22', NULL),
(12, 3, 4, 14, '2020-02-27 19:33:21', '2020-02-27 21:33:21', '2020-02-26 16:13:22', '2020-02-26 16:13:22', NULL),
(13, 4, 1, 61, '2020-02-28 19:33:21', '2020-02-28 21:33:21', '2020-02-26 16:13:22', '2020-02-26 16:13:22', NULL),
(14, 4, 2, 71, '2020-02-28 19:33:21', '2020-02-28 21:33:21', '2020-02-26 16:13:22', '2020-02-26 16:13:22', NULL),
(15, 4, 3, 13, '2020-02-28 19:33:21', '2020-02-28 21:33:21', '2020-02-26 16:13:22', '2020-02-26 16:13:22', NULL),
(16, 4, 4, 41, '2020-02-28 19:33:21', '2020-02-28 21:33:21', '2020-02-26 16:13:22', '2020-02-26 16:13:22', NULL),
(17, 6, 4, 25, '2020-08-23 13:45:00', '2020-08-23 15:45:00', '2020-07-01 10:30:52', '2020-07-01 10:30:52', NULL);

-- --------------------------------------------------------

--
-- Table structure for table `seats`
--

CREATE TABLE `seats` (
  `id` int(10) UNSIGNED NOT NULL,
  `row` int(10) UNSIGNED NOT NULL,
  `number` int(10) UNSIGNED NOT NULL,
  `hall_id` int(10) UNSIGNED NOT NULL,
  `created_at` timestamp NULL DEFAULT NULL,
  `updated_at` timestamp NULL DEFAULT NULL,
  `deleted_at` timestamp NULL DEFAULT NULL
) ENGINE=InnoDB DEFAULT CHARSET=utf8mb4 COLLATE=utf8mb4_unicode_ci;

--
-- Dumping data for table `seats`
--

INSERT INTO `seats` (`id`, `row`, `number`, `hall_id`, `created_at`, `updated_at`, `deleted_at`) VALUES
(1, 1, 1, 1, '2020-02-26 16:13:22', '2020-02-26 16:13:22', NULL),
(2, 1, 2, 1, '2020-02-26 16:13:23', '2020-02-26 16:13:23', NULL),
(3, 1, 3, 1, '2020-02-26 16:13:23', '2020-02-26 16:13:23', NULL),
(4, 1, 4, 1, '2020-02-26 16:13:23', '2020-02-26 16:13:23', NULL),
(5, 1, 5, 1, '2020-02-26 16:13:23', '2020-02-26 16:13:23', NULL),
(6, 1, 6, 1, '2020-02-26 16:13:23', '2020-02-26 16:13:23', NULL),
(7, 1, 7, 1, '2020-02-26 16:13:23', '2020-02-26 16:13:23', NULL),
(8, 1, 8, 1, '2020-02-26 16:13:23', '2020-02-26 16:13:23', NULL),
(9, 1, 9, 1, '2020-02-26 16:13:23', '2020-02-26 16:13:23', NULL),
(10, 1, 10, 1, '2020-02-26 16:13:23', '2020-02-26 16:13:23', NULL),
(11, 1, 11, 1, '2020-02-26 16:13:23', '2020-02-26 16:13:23', NULL),
(12, 1, 12, 1, '2020-02-26 16:13:23', '2020-02-26 16:13:23', NULL),
(13, 2, 1, 1, '2020-02-26 16:13:23', '2020-02-26 16:13:23', NULL),
(14, 2, 2, 1, '2020-02-26 16:13:23', '2020-02-26 16:13:23', NULL),
(15, 2, 3, 1, '2020-02-26 16:13:23', '2020-02-26 16:13:23', NULL),
(16, 2, 4, 1, '2020-02-26 16:13:23', '2020-02-26 16:13:23', NULL),
(17, 2, 5, 1, '2020-02-26 16:13:23', '2020-02-26 16:13:23', NULL),
(18, 2, 6, 1, '2020-02-26 16:13:23', '2020-02-26 16:13:23', NULL),
(19, 2, 7, 1, '2020-02-26 16:13:24', '2020-02-26 16:13:24', NULL),
(20, 2, 8, 1, '2020-02-26 16:13:24', '2020-02-26 16:13:24', NULL),
(21, 2, 9, 1, '2020-02-26 16:13:24', '2020-02-26 16:13:24', NULL),
(22, 2, 10, 1, '2020-02-26 16:13:24', '2020-02-26 16:13:24', NULL),
(23, 2, 11, 1, '2020-02-26 16:13:24', '2020-02-26 16:13:24', NULL),
(24, 2, 12, 1, '2020-02-26 16:13:24', '2020-02-26 16:13:24', NULL),
(25, 3, 1, 1, '2020-02-26 16:13:24', '2020-02-26 16:13:24', NULL),
(26, 3, 2, 1, '2020-02-26 16:13:24', '2020-02-26 16:13:24', NULL),
(27, 3, 3, 1, '2020-02-26 16:13:24', '2020-02-26 16:13:24', NULL),
(28, 3, 4, 1, '2020-02-26 16:13:24', '2020-02-26 16:13:24', NULL),
(29, 3, 5, 1, '2020-02-26 16:13:24', '2020-02-26 16:13:24', NULL),
(30, 3, 6, 1, '2020-02-26 16:13:24', '2020-02-26 16:13:24', NULL),
(31, 3, 7, 1, '2020-02-26 16:13:24', '2020-02-26 16:13:24', NULL),
(32, 3, 8, 1, '2020-02-26 16:13:24', '2020-02-26 16:13:24', NULL),
(33, 3, 9, 1, '2020-02-26 16:13:24', '2020-02-26 16:13:24', NULL),
(34, 3, 10, 1, '2020-02-26 16:13:24', '2020-02-26 16:13:24', NULL),
(35, 3, 11, 1, '2020-02-26 16:13:24', '2020-02-26 16:13:24', NULL),
(36, 3, 12, 1, '2020-02-26 16:13:24', '2020-02-26 16:13:24', NULL),
(37, 4, 1, 1, '2020-02-26 16:13:24', '2020-02-26 16:13:24', NULL),
(38, 4, 2, 1, '2020-02-26 16:13:24', '2020-02-26 16:13:24', NULL),
(39, 4, 3, 1, '2020-02-26 16:13:24', '2020-02-26 16:13:24', NULL),
(40, 4, 4, 1, '2020-02-26 16:13:24', '2020-02-26 16:13:24', NULL),
(41, 4, 5, 1, '2020-02-26 16:13:25', '2020-02-26 16:13:25', NULL),
(42, 4, 6, 1, '2020-02-26 16:13:25', '2020-02-26 16:13:25', NULL),
(43, 4, 7, 1, '2020-02-26 16:13:25', '2020-02-26 16:13:25', NULL),
(44, 4, 8, 1, '2020-02-26 16:13:25', '2020-02-26 16:13:25', NULL),
(45, 4, 9, 1, '2020-02-26 16:13:25', '2020-02-26 16:13:25', NULL),
(46, 4, 10, 1, '2020-02-26 16:13:25', '2020-02-26 16:13:25', NULL),
(47, 4, 11, 1, '2020-02-26 16:13:25', '2020-02-26 16:13:25', NULL),
(48, 4, 12, 1, '2020-02-26 16:13:25', '2020-02-26 16:13:25', NULL),
(49, 5, 1, 1, '2020-02-26 16:13:25', '2020-02-26 16:13:25', NULL),
(50, 5, 2, 1, '2020-02-26 16:13:25', '2020-02-26 16:13:25', NULL),
(51, 5, 3, 1, '2020-02-26 16:13:25', '2020-02-26 16:13:25', NULL),
(52, 5, 4, 1, '2020-02-26 16:13:25', '2020-02-26 16:13:25', NULL),
(53, 5, 5, 1, '2020-02-26 16:13:25', '2020-02-26 16:13:25', NULL),
(54, 5, 6, 1, '2020-02-26 16:13:25', '2020-02-26 16:13:25', NULL),
(55, 5, 7, 1, '2020-02-26 16:13:25', '2020-02-26 16:13:25', NULL),
(56, 5, 8, 1, '2020-02-26 16:13:25', '2020-02-26 16:13:25', NULL),
(57, 5, 9, 1, '2020-02-26 16:13:25', '2020-02-26 16:13:25', NULL),
(58, 5, 10, 1, '2020-02-26 16:13:25', '2020-02-26 16:13:25', NULL),
(59, 5, 11, 1, '2020-02-26 16:13:25', '2020-02-26 16:13:25', NULL),
(60, 5, 12, 1, '2020-02-26 16:13:25', '2020-02-26 16:13:25', NULL),
(61, 6, 1, 1, '2020-02-26 16:13:25', '2020-02-26 16:13:25', NULL),
(62, 6, 2, 1, '2020-02-26 16:13:25', '2020-02-26 16:13:25', NULL),
(63, 6, 3, 1, '2020-02-26 16:13:25', '2020-02-26 16:13:25', NULL),
(64, 6, 4, 1, '2020-02-26 16:13:25', '2020-02-26 16:13:25', NULL),
(65, 6, 5, 1, '2020-02-26 16:13:25', '2020-02-26 16:13:25', NULL),
(66, 6, 6, 1, '2020-02-26 16:13:26', '2020-02-26 16:13:26', NULL),
(67, 6, 7, 1, '2020-02-26 16:13:26', '2020-02-26 16:13:26', NULL),
(68, 6, 8, 1, '2020-02-26 16:13:26', '2020-02-26 16:13:26', NULL),
(69, 6, 9, 1, '2020-02-26 16:13:26', '2020-02-26 16:13:26', NULL),
(70, 6, 10, 1, '2020-02-26 16:13:26', '2020-02-26 16:13:26', NULL),
(71, 6, 11, 1, '2020-02-26 16:13:26', '2020-02-26 16:13:26', NULL),
(72, 6, 12, 1, '2020-02-26 16:13:26', '2020-02-26 16:13:26', NULL),
(73, 7, 1, 1, '2020-02-26 16:13:26', '2020-02-26 16:13:26', NULL),
(74, 7, 2, 1, '2020-02-26 16:13:26', '2020-02-26 16:13:26', NULL),
(75, 7, 3, 1, '2020-02-26 16:13:26', '2020-02-26 16:13:26', NULL),
(76, 7, 4, 1, '2020-02-26 16:13:26', '2020-02-26 16:13:26', NULL),
(77, 7, 5, 1, '2020-02-26 16:13:26', '2020-02-26 16:13:26', NULL),
(78, 7, 6, 1, '2020-02-26 16:13:26', '2020-02-26 16:13:26', NULL),
(79, 7, 7, 1, '2020-02-26 16:13:26', '2020-02-26 16:13:26', NULL),
(80, 7, 8, 1, '2020-02-26 16:13:26', '2020-02-26 16:13:26', NULL),
(81, 7, 9, 1, '2020-02-26 16:13:26', '2020-02-26 16:13:26', NULL),
(82, 7, 10, 1, '2020-02-26 16:13:26', '2020-02-26 16:13:26', NULL),
(83, 7, 11, 1, '2020-02-26 16:13:26', '2020-02-26 16:13:26', NULL),
(84, 7, 12, 1, '2020-02-26 16:13:26', '2020-02-26 16:13:26', NULL),
(85, 8, 1, 1, '2020-02-26 16:13:26', '2020-02-26 16:13:26', NULL),
(86, 8, 2, 1, '2020-02-26 16:13:26', '2020-02-26 16:13:26', NULL),
(87, 8, 3, 1, '2020-02-26 16:13:26', '2020-02-26 16:13:26', NULL),
(88, 8, 4, 1, '2020-02-26 16:13:26', '2020-02-26 16:13:26', NULL),
(89, 8, 5, 1, '2020-02-26 16:13:27', '2020-02-26 16:13:27', NULL),
(90, 8, 6, 1, '2020-02-26 16:13:27', '2020-02-26 16:13:27', NULL),
(91, 8, 7, 1, '2020-02-26 16:13:27', '2020-02-26 16:13:27', NULL),
(92, 8, 8, 1, '2020-02-26 16:13:27', '2020-02-26 16:13:27', NULL),
(93, 8, 9, 1, '2020-02-26 16:13:27', '2020-02-26 16:13:27', NULL),
(94, 8, 10, 1, '2020-02-26 16:13:27', '2020-02-26 16:13:27', NULL),
(95, 8, 11, 1, '2020-02-26 16:13:27', '2020-02-26 16:13:27', NULL),
(96, 8, 12, 1, '2020-02-26 16:13:27', '2020-02-26 16:13:27', NULL),
(97, 9, 1, 1, '2020-02-26 16:13:27', '2020-02-26 16:13:27', NULL),
(98, 9, 2, 1, '2020-02-26 16:13:27', '2020-02-26 16:13:27', NULL),
(99, 9, 3, 1, '2020-02-26 16:13:27', '2020-02-26 16:13:27', NULL),
(100, 9, 4, 1, '2020-02-26 16:13:27', '2020-02-26 16:13:27', NULL),
(101, 9, 5, 1, '2020-02-26 16:13:27', '2020-02-26 16:13:27', NULL),
(102, 9, 6, 1, '2020-02-26 16:13:27', '2020-02-26 16:13:27', NULL),
(103, 9, 7, 1, '2020-02-26 16:13:27', '2020-02-26 16:13:27', NULL),
(104, 9, 8, 1, '2020-02-26 16:13:27', '2020-02-26 16:13:27', NULL),
(105, 9, 9, 1, '2020-02-26 16:13:27', '2020-02-26 16:13:27', NULL),
(106, 9, 10, 1, '2020-02-26 16:13:27', '2020-02-26 16:13:27', NULL),
(107, 9, 11, 1, '2020-02-26 16:13:27', '2020-02-26 16:13:27', NULL),
(108, 9, 12, 1, '2020-02-26 16:13:27', '2020-02-26 16:13:27', NULL),
(109, 10, 1, 1, '2020-02-26 16:13:27', '2020-02-26 16:13:27', NULL),
(110, 10, 2, 1, '2020-02-26 16:13:27', '2020-02-26 16:13:27', NULL),
(111, 10, 3, 1, '2020-02-26 16:13:27', '2020-02-26 16:13:27', NULL),
(112, 10, 4, 1, '2020-02-26 16:13:27', '2020-02-26 16:13:27', NULL),
(113, 10, 5, 1, '2020-02-26 16:13:28', '2020-02-26 16:13:28', NULL),
(114, 10, 6, 1, '2020-02-26 16:13:28', '2020-02-26 16:13:28', NULL),
(115, 10, 7, 1, '2020-02-26 16:13:28', '2020-02-26 16:13:28', NULL),
(116, 10, 8, 1, '2020-02-26 16:13:28', '2020-02-26 16:13:28', NULL),
(117, 10, 9, 1, '2020-02-26 16:13:28', '2020-02-26 16:13:28', NULL),
(118, 10, 10, 1, '2020-02-26 16:13:28', '2020-02-26 16:13:28', NULL),
(119, 10, 11, 1, '2020-02-26 16:13:28', '2020-02-26 16:13:28', NULL),
(120, 10, 12, 1, '2020-02-26 16:13:28', '2020-02-26 16:13:28', NULL),
(121, 11, 1, 1, '2020-02-26 16:13:28', '2020-02-26 16:13:28', NULL),
(122, 11, 2, 1, '2020-02-26 16:13:28', '2020-02-26 16:13:28', NULL),
(123, 11, 3, 1, '2020-02-26 16:13:28', '2020-02-26 16:13:28', NULL),
(124, 11, 4, 1, '2020-02-26 16:13:28', '2020-02-26 16:13:28', NULL),
(125, 11, 5, 1, '2020-02-26 16:13:28', '2020-02-26 16:13:28', NULL),
(126, 11, 6, 1, '2020-02-26 16:13:28', '2020-02-26 16:13:28', NULL),
(127, 11, 7, 1, '2020-02-26 16:13:28', '2020-02-26 16:13:28', NULL),
(128, 11, 8, 1, '2020-02-26 16:13:28', '2020-02-26 16:13:28', NULL),
(129, 11, 9, 1, '2020-02-26 16:13:28', '2020-02-26 16:13:28', NULL),
(130, 11, 10, 1, '2020-02-26 16:13:28', '2020-02-26 16:13:28', NULL),
(131, 11, 11, 1, '2020-02-26 16:13:28', '2020-02-26 16:13:28', NULL),
(132, 11, 12, 1, '2020-02-26 16:13:28', '2020-02-26 16:13:28', NULL),
(133, 12, 1, 1, '2020-02-26 16:13:28', '2020-02-26 16:13:28', NULL),
(134, 12, 2, 1, '2020-02-26 16:13:28', '2020-02-26 16:13:28', NULL),
(135, 12, 3, 1, '2020-02-26 16:13:28', '2020-02-26 16:13:28', NULL),
(136, 12, 4, 1, '2020-02-26 16:13:28', '2020-02-26 16:13:28', NULL),
(137, 12, 5, 1, '2020-02-26 16:13:29', '2020-02-26 16:13:29', NULL),
(138, 12, 6, 1, '2020-02-26 16:13:29', '2020-02-26 16:13:29', NULL),
(139, 12, 7, 1, '2020-02-26 16:13:29', '2020-02-26 16:13:29', NULL),
(140, 12, 8, 1, '2020-02-26 16:13:29', '2020-02-26 16:13:29', NULL),
(141, 12, 9, 1, '2020-02-26 16:13:29', '2020-02-26 16:13:29', NULL),
(142, 12, 10, 1, '2020-02-26 16:13:29', '2020-02-26 16:13:29', NULL),
(143, 12, 11, 1, '2020-02-26 16:13:29', '2020-02-26 16:13:29', NULL),
(144, 12, 12, 1, '2020-02-26 16:13:29', '2020-02-26 16:13:29', NULL),
(145, 1, 1, 2, '2020-02-26 16:13:29', '2020-02-26 16:13:29', NULL),
(146, 1, 2, 2, '2020-02-26 16:13:29', '2020-02-26 16:13:29', NULL),
(147, 1, 3, 2, '2020-02-26 16:13:29', '2020-02-26 16:13:29', NULL),
(148, 1, 4, 2, '2020-02-26 16:13:29', '2020-02-26 16:13:29', NULL),
(149, 1, 5, 2, '2020-02-26 16:13:29', '2020-02-26 16:13:29', NULL),
(150, 1, 6, 2, '2020-02-26 16:13:29', '2020-02-26 16:13:29', NULL),
(151, 1, 7, 2, '2020-02-26 16:13:29', '2020-02-26 16:13:29', NULL),
(152, 1, 8, 2, '2020-02-26 16:13:29', '2020-02-26 16:13:29', NULL),
(153, 1, 9, 2, '2020-02-26 16:13:29', '2020-02-26 16:13:29', NULL),
(154, 1, 10, 2, '2020-02-26 16:13:29', '2020-02-26 16:13:29', NULL),
(155, 1, 11, 2, '2020-02-26 16:13:29', '2020-02-26 16:13:29', NULL),
(156, 1, 12, 2, '2020-02-26 16:13:29', '2020-02-26 16:13:29', NULL),
(157, 2, 1, 2, '2020-02-26 16:13:29', '2020-02-26 16:13:29', NULL),
(158, 2, 2, 2, '2020-02-26 16:13:29', '2020-02-26 16:13:29', NULL),
(159, 2, 3, 2, '2020-02-26 16:13:29', '2020-02-26 16:13:29', NULL),
(160, 2, 4, 2, '2020-02-26 16:13:29', '2020-02-26 16:13:29', NULL),
(161, 2, 5, 2, '2020-02-26 16:13:29', '2020-02-26 16:13:29', NULL),
(162, 2, 6, 2, '2020-02-26 16:13:29', '2020-02-26 16:13:29', NULL),
(163, 2, 7, 2, '2020-02-26 16:13:30', '2020-02-26 16:13:30', NULL),
(164, 2, 8, 2, '2020-02-26 16:13:30', '2020-02-26 16:13:30', NULL),
(165, 2, 9, 2, '2020-02-26 16:13:30', '2020-02-26 16:13:30', NULL),
(166, 2, 10, 2, '2020-02-26 16:13:30', '2020-02-26 16:13:30', NULL),
(167, 2, 11, 2, '2020-02-26 16:13:30', '2020-02-26 16:13:30', NULL),
(168, 2, 12, 2, '2020-02-26 16:13:30', '2020-02-26 16:13:30', NULL),
(169, 3, 1, 2, '2020-02-26 16:13:30', '2020-02-26 16:13:30', NULL),
(170, 3, 2, 2, '2020-02-26 16:13:30', '2020-02-26 16:13:30', NULL),
(171, 3, 3, 2, '2020-02-26 16:13:30', '2020-02-26 16:13:30', NULL),
(172, 3, 4, 2, '2020-02-26 16:13:30', '2020-02-26 16:13:30', NULL),
(173, 3, 5, 2, '2020-02-26 16:13:30', '2020-02-26 16:13:30', NULL),
(174, 3, 6, 2, '2020-02-26 16:13:30', '2020-02-26 16:13:30', NULL),
(175, 3, 7, 2, '2020-02-26 16:13:30', '2020-02-26 16:13:30', NULL),
(176, 3, 8, 2, '2020-02-26 16:13:30', '2020-02-26 16:13:30', NULL),
(177, 3, 9, 2, '2020-02-26 16:13:30', '2020-02-26 16:13:30', NULL),
(178, 3, 10, 2, '2020-02-26 16:13:30', '2020-02-26 16:13:30', NULL),
(179, 3, 11, 2, '2020-02-26 16:13:30', '2020-02-26 16:13:30', NULL),
(180, 3, 12, 2, '2020-02-26 16:13:30', '2020-02-26 16:13:30', NULL),
(181, 4, 1, 2, '2020-02-26 16:13:30', '2020-02-26 16:13:30', NULL),
(182, 4, 2, 2, '2020-02-26 16:13:30', '2020-02-26 16:13:30', NULL),
(183, 4, 3, 2, '2020-02-26 16:13:30', '2020-02-26 16:13:30', NULL),
(184, 4, 4, 2, '2020-02-26 16:13:30', '2020-02-26 16:13:30', NULL),
(185, 4, 5, 2, '2020-02-26 16:13:31', '2020-02-26 16:13:31', NULL),
(186, 4, 6, 2, '2020-02-26 16:13:31', '2020-02-26 16:13:31', NULL),
(187, 4, 7, 2, '2020-02-26 16:13:31', '2020-02-26 16:13:31', NULL),
(188, 4, 8, 2, '2020-02-26 16:13:31', '2020-02-26 16:13:31', NULL),
(189, 4, 9, 2, '2020-02-26 16:13:31', '2020-02-26 16:13:31', NULL),
(190, 4, 10, 2, '2020-02-26 16:13:31', '2020-02-26 16:13:31', NULL),
(191, 4, 11, 2, '2020-02-26 16:13:31', '2020-02-26 16:13:31', NULL),
(192, 4, 12, 2, '2020-02-26 16:13:31', '2020-02-26 16:13:31', NULL),
(193, 5, 1, 2, '2020-02-26 16:13:31', '2020-02-26 16:13:31', NULL),
(194, 5, 2, 2, '2020-02-26 16:13:31', '2020-02-26 16:13:31', NULL),
(195, 5, 3, 2, '2020-02-26 16:13:31', '2020-02-26 16:13:31', NULL),
(196, 5, 4, 2, '2020-02-26 16:13:31', '2020-02-26 16:13:31', NULL),
(197, 5, 5, 2, '2020-02-26 16:13:31', '2020-02-26 16:13:31', NULL),
(198, 5, 6, 2, '2020-02-26 16:13:31', '2020-02-26 16:13:31', NULL),
(199, 5, 7, 2, '2020-02-26 16:13:31', '2020-02-26 16:13:31', NULL),
(200, 5, 8, 2, '2020-02-26 16:13:31', '2020-02-26 16:13:31', NULL),
(201, 5, 9, 2, '2020-02-26 16:13:31', '2020-02-26 16:13:31', NULL),
(202, 5, 10, 2, '2020-02-26 16:13:31', '2020-02-26 16:13:31', NULL),
(203, 5, 11, 2, '2020-02-26 16:13:31', '2020-02-26 16:13:31', NULL),
(204, 5, 12, 2, '2020-02-26 16:13:31', '2020-02-26 16:13:31', NULL),
(205, 6, 1, 2, '2020-02-26 16:13:31', '2020-02-26 16:13:31', NULL),
(206, 6, 2, 2, '2020-02-26 16:13:31', '2020-02-26 16:13:31', NULL),
(207, 6, 3, 2, '2020-02-26 16:13:31', '2020-02-26 16:13:31', NULL),
(208, 6, 4, 2, '2020-02-26 16:13:31', '2020-02-26 16:13:31', NULL),
(209, 6, 5, 2, '2020-02-26 16:13:31', '2020-02-26 16:13:31', NULL),
(210, 6, 6, 2, '2020-02-26 16:13:31', '2020-02-26 16:13:31', NULL),
(211, 6, 7, 2, '2020-02-26 16:13:31', '2020-02-26 16:13:31', NULL),
(212, 6, 8, 2, '2020-02-26 16:13:32', '2020-02-26 16:13:32', NULL),
(213, 6, 9, 2, '2020-02-26 16:13:32', '2020-02-26 16:13:32', NULL),
(214, 6, 10, 2, '2020-02-26 16:13:32', '2020-02-26 16:13:32', NULL),
(215, 6, 11, 2, '2020-02-26 16:13:32', '2020-02-26 16:13:32', NULL),
(216, 6, 12, 2, '2020-02-26 16:13:32', '2020-02-26 16:13:32', NULL),
(217, 7, 1, 2, '2020-02-26 16:13:32', '2020-02-26 16:13:32', NULL),
(218, 7, 2, 2, '2020-02-26 16:13:32', '2020-02-26 16:13:32', NULL),
(219, 7, 3, 2, '2020-02-26 16:13:32', '2020-02-26 16:13:32', NULL),
(220, 7, 4, 2, '2020-02-26 16:13:32', '2020-02-26 16:13:32', NULL),
(221, 7, 5, 2, '2020-02-26 16:13:32', '2020-02-26 16:13:32', NULL),
(222, 7, 6, 2, '2020-02-26 16:13:32', '2020-02-26 16:13:32', NULL),
(223, 7, 7, 2, '2020-02-26 16:13:32', '2020-02-26 16:13:32', NULL),
(224, 7, 8, 2, '2020-02-26 16:13:32', '2020-02-26 16:13:32', NULL),
(225, 7, 9, 2, '2020-02-26 16:13:32', '2020-02-26 16:13:32', NULL),
(226, 7, 10, 2, '2020-02-26 16:13:32', '2020-02-26 16:13:32', NULL),
(227, 7, 11, 2, '2020-02-26 16:13:32', '2020-02-26 16:13:32', NULL),
(228, 7, 12, 2, '2020-02-26 16:13:32', '2020-02-26 16:13:32', NULL),
(229, 8, 1, 2, '2020-02-26 16:13:32', '2020-02-26 16:13:32', NULL),
(230, 8, 2, 2, '2020-02-26 16:13:32', '2020-02-26 16:13:32', NULL),
(231, 8, 3, 2, '2020-02-26 16:13:32', '2020-02-26 16:13:32', NULL),
(232, 8, 4, 2, '2020-02-26 16:13:32', '2020-02-26 16:13:32', NULL),
(233, 8, 5, 2, '2020-02-26 16:13:32', '2020-02-26 16:13:32', NULL),
(234, 8, 6, 2, '2020-02-26 16:13:33', '2020-02-26 16:13:33', NULL),
(235, 8, 7, 2, '2020-02-26 16:13:33', '2020-02-26 16:13:33', NULL),
(236, 8, 8, 2, '2020-02-26 16:13:33', '2020-02-26 16:13:33', NULL),
(237, 8, 9, 2, '2020-02-26 16:13:33', '2020-02-26 16:13:33', NULL),
(238, 8, 10, 2, '2020-02-26 16:13:33', '2020-02-26 16:13:33', NULL),
(239, 8, 11, 2, '2020-02-26 16:13:33', '2020-02-26 16:13:33', NULL),
(240, 8, 12, 2, '2020-02-26 16:13:33', '2020-02-26 16:13:33', NULL),
(241, 9, 1, 2, '2020-02-26 16:13:33', '2020-02-26 16:13:33', NULL),
(242, 9, 2, 2, '2020-02-26 16:13:33', '2020-02-26 16:13:33', NULL),
(243, 9, 3, 2, '2020-02-26 16:13:33', '2020-02-26 16:13:33', NULL),
(244, 9, 4, 2, '2020-02-26 16:13:33', '2020-02-26 16:13:33', NULL),
(245, 9, 5, 2, '2020-02-26 16:13:34', '2020-02-26 16:13:34', NULL),
(246, 9, 6, 2, '2020-02-26 16:13:34', '2020-02-26 16:13:34', NULL),
(247, 9, 7, 2, '2020-02-26 16:13:34', '2020-02-26 16:13:34', NULL),
(248, 9, 8, 2, '2020-02-26 16:13:34', '2020-02-26 16:13:34', NULL),
(249, 9, 9, 2, '2020-02-26 16:13:34', '2020-02-26 16:13:34', NULL),
(250, 9, 10, 2, '2020-02-26 16:13:34', '2020-02-26 16:13:34', NULL),
(251, 9, 11, 2, '2020-02-26 16:13:34', '2020-02-26 16:13:34', NULL),
(252, 9, 12, 2, '2020-02-26 16:13:34', '2020-02-26 16:13:34', NULL),
(253, 10, 1, 2, '2020-02-26 16:13:34', '2020-02-26 16:13:34', NULL),
(254, 10, 2, 2, '2020-02-26 16:13:35', '2020-02-26 16:13:35', NULL),
(255, 10, 3, 2, '2020-02-26 16:13:35', '2020-02-26 16:13:35', NULL),
(256, 10, 4, 2, '2020-02-26 16:13:35', '2020-02-26 16:13:35', NULL),
(257, 10, 5, 2, '2020-02-26 16:13:35', '2020-02-26 16:13:35', NULL),
(258, 10, 6, 2, '2020-02-26 16:13:35', '2020-02-26 16:13:35', NULL),
(259, 10, 7, 2, '2020-02-26 16:13:35', '2020-02-26 16:13:35', NULL),
(260, 10, 8, 2, '2020-02-26 16:13:35', '2020-02-26 16:13:35', NULL),
(261, 10, 9, 2, '2020-02-26 16:13:35', '2020-02-26 16:13:35', NULL),
(262, 10, 10, 2, '2020-02-26 16:13:36', '2020-02-26 16:13:36', NULL),
(263, 10, 11, 2, '2020-02-26 16:13:36', '2020-02-26 16:13:36', NULL),
(264, 10, 12, 2, '2020-02-26 16:13:36', '2020-02-26 16:13:36', NULL),
(265, 11, 1, 2, '2020-02-26 16:13:36', '2020-02-26 16:13:36', NULL),
(266, 11, 2, 2, '2020-02-26 16:13:36', '2020-02-26 16:13:36', NULL),
(267, 11, 3, 2, '2020-02-26 16:13:36', '2020-02-26 16:13:36', NULL),
(268, 11, 4, 2, '2020-02-26 16:13:36', '2020-02-26 16:13:36', NULL),
(269, 11, 5, 2, '2020-02-26 16:13:36', '2020-02-26 16:13:36', NULL),
(270, 11, 6, 2, '2020-02-26 16:13:36', '2020-02-26 16:13:36', NULL),
(271, 11, 7, 2, '2020-02-26 16:13:36', '2020-02-26 16:13:36', NULL),
(272, 11, 8, 2, '2020-02-26 16:13:36', '2020-02-26 16:13:36', NULL),
(273, 11, 9, 2, '2020-02-26 16:13:36', '2020-02-26 16:13:36', NULL),
(274, 11, 10, 2, '2020-02-26 16:13:36', '2020-02-26 16:13:36', NULL),
(275, 11, 11, 2, '2020-02-26 16:13:36', '2020-02-26 16:13:36', NULL),
(276, 11, 12, 2, '2020-02-26 16:13:37', '2020-02-26 16:13:37', NULL),
(277, 12, 1, 2, '2020-02-26 16:13:37', '2020-02-26 16:13:37', NULL),
(278, 12, 2, 2, '2020-02-26 16:13:37', '2020-02-26 16:13:37', NULL),
(279, 12, 3, 2, '2020-02-26 16:13:37', '2020-02-26 16:13:37', NULL),
(280, 12, 4, 2, '2020-02-26 16:13:37', '2020-02-26 16:13:37', NULL),
(281, 12, 5, 2, '2020-02-26 16:13:37', '2020-02-26 16:13:37', NULL),
(282, 12, 6, 2, '2020-02-26 16:13:37', '2020-02-26 16:13:37', NULL),
(283, 12, 7, 2, '2020-02-26 16:13:37', '2020-02-26 16:13:37', NULL),
(284, 12, 8, 2, '2020-02-26 16:13:37', '2020-02-26 16:13:37', NULL),
(285, 12, 9, 2, '2020-02-26 16:13:37', '2020-02-26 16:13:37', NULL),
(286, 12, 10, 2, '2020-02-26 16:13:37', '2020-02-26 16:13:37', NULL),
(287, 12, 11, 2, '2020-02-26 16:13:37', '2020-02-26 16:13:37', NULL),
(288, 12, 12, 2, '2020-02-26 16:13:37', '2020-02-26 16:13:37', NULL),
(289, 1, 1, 3, '2020-02-26 16:13:37', '2020-02-26 16:13:37', NULL),
(290, 1, 2, 3, '2020-02-26 16:13:37', '2020-02-26 16:13:37', NULL),
(291, 1, 3, 3, '2020-02-26 16:13:37', '2020-02-26 16:13:37', NULL),
(292, 1, 4, 3, '2020-02-26 16:13:37', '2020-02-26 16:13:37', NULL),
(293, 1, 5, 3, '2020-02-26 16:13:37', '2020-02-26 16:13:37', NULL),
(294, 1, 6, 3, '2020-02-26 16:13:37', '2020-02-26 16:13:37', NULL),
(295, 1, 7, 3, '2020-02-26 16:13:37', '2020-02-26 16:13:37', NULL),
(296, 1, 8, 3, '2020-02-26 16:13:37', '2020-02-26 16:13:37', NULL),
(297, 1, 9, 3, '2020-02-26 16:13:37', '2020-02-26 16:13:37', NULL),
(298, 1, 10, 3, '2020-02-26 16:13:37', '2020-02-26 16:13:37', NULL),
(299, 1, 11, 3, '2020-02-26 16:13:37', '2020-02-26 16:13:37', NULL),
(300, 1, 12, 3, '2020-02-26 16:13:38', '2020-02-26 16:13:38', NULL),
(301, 2, 1, 3, '2020-02-26 16:13:38', '2020-02-26 16:13:38', NULL),
(302, 2, 2, 3, '2020-02-26 16:13:38', '2020-02-26 16:13:38', NULL),
(303, 2, 3, 3, '2020-02-26 16:13:38', '2020-02-26 16:13:38', NULL),
(304, 2, 4, 3, '2020-02-26 16:13:38', '2020-02-26 16:13:38', NULL),
(305, 2, 5, 3, '2020-02-26 16:13:38', '2020-02-26 16:13:38', NULL),
(306, 2, 6, 3, '2020-02-26 16:13:38', '2020-02-26 16:13:38', NULL),
(307, 2, 7, 3, '2020-02-26 16:13:38', '2020-02-26 16:13:38', NULL),
(308, 2, 8, 3, '2020-02-26 16:13:38', '2020-02-26 16:13:38', NULL),
(309, 2, 9, 3, '2020-02-26 16:13:38', '2020-02-26 16:13:38', NULL),
(310, 2, 10, 3, '2020-02-26 16:13:38', '2020-02-26 16:13:38', NULL),
(311, 2, 11, 3, '2020-02-26 16:13:38', '2020-02-26 16:13:38', NULL),
(312, 2, 12, 3, '2020-02-26 16:13:38', '2020-02-26 16:13:38', NULL),
(313, 3, 1, 3, '2020-02-26 16:13:38', '2020-02-26 16:13:38', NULL),
(314, 3, 2, 3, '2020-02-26 16:13:38', '2020-02-26 16:13:38', NULL),
(315, 3, 3, 3, '2020-02-26 16:13:38', '2020-02-26 16:13:38', NULL),
(316, 3, 4, 3, '2020-02-26 16:13:38', '2020-02-26 16:13:38', NULL),
(317, 3, 5, 3, '2020-02-26 16:13:38', '2020-02-26 16:13:38', NULL),
(318, 3, 6, 3, '2020-02-26 16:13:38', '2020-02-26 16:13:38', NULL),
(319, 3, 7, 3, '2020-02-26 16:13:38', '2020-02-26 16:13:38', NULL),
(320, 3, 8, 3, '2020-02-26 16:13:38', '2020-02-26 16:13:38', NULL),
(321, 3, 9, 3, '2020-02-26 16:13:38', '2020-02-26 16:13:38', NULL),
(322, 3, 10, 3, '2020-02-26 16:13:39', '2020-02-26 16:13:39', NULL),
(323, 3, 11, 3, '2020-02-26 16:13:39', '2020-02-26 16:13:39', NULL),
(324, 3, 12, 3, '2020-02-26 16:13:39', '2020-02-26 16:13:39', NULL),
(325, 4, 1, 3, '2020-02-26 16:13:39', '2020-02-26 16:13:39', NULL),
(326, 4, 2, 3, '2020-02-26 16:13:39', '2020-02-26 16:13:39', NULL),
(327, 4, 3, 3, '2020-02-26 16:13:39', '2020-02-26 16:13:39', NULL),
(328, 4, 4, 3, '2020-02-26 16:13:39', '2020-02-26 16:13:39', NULL),
(329, 4, 5, 3, '2020-02-26 16:13:39', '2020-02-26 16:13:39', NULL),
(330, 4, 6, 3, '2020-02-26 16:13:39', '2020-02-26 16:13:39', NULL),
(331, 4, 7, 3, '2020-02-26 16:13:39', '2020-02-26 16:13:39', NULL),
(332, 4, 8, 3, '2020-02-26 16:13:39', '2020-02-26 16:13:39', NULL),
(333, 4, 9, 3, '2020-02-26 16:13:39', '2020-02-26 16:13:39', NULL),
(334, 4, 10, 3, '2020-02-26 16:13:39', '2020-02-26 16:13:39', NULL),
(335, 4, 11, 3, '2020-02-26 16:13:39', '2020-02-26 16:13:39', NULL),
(336, 4, 12, 3, '2020-02-26 16:13:39', '2020-02-26 16:13:39', NULL),
(337, 5, 1, 3, '2020-02-26 16:13:39', '2020-02-26 16:13:39', NULL),
(338, 5, 2, 3, '2020-02-26 16:13:39', '2020-02-26 16:13:39', NULL),
(339, 5, 3, 3, '2020-02-26 16:13:39', '2020-02-26 16:13:39', NULL),
(340, 5, 4, 3, '2020-02-26 16:13:39', '2020-02-26 16:13:39', NULL),
(341, 5, 5, 3, '2020-02-26 16:13:39', '2020-02-26 16:13:39', NULL),
(342, 5, 6, 3, '2020-02-26 16:13:39', '2020-02-26 16:13:39', NULL),
(343, 5, 7, 3, '2020-02-26 16:13:40', '2020-02-26 16:13:40', NULL),
(344, 5, 8, 3, '2020-02-26 16:13:40', '2020-02-26 16:13:40', NULL),
(345, 5, 9, 3, '2020-02-26 16:13:40', '2020-02-26 16:13:40', NULL),
(346, 5, 10, 3, '2020-02-26 16:13:40', '2020-02-26 16:13:40', NULL),
(347, 5, 11, 3, '2020-02-26 16:13:40', '2020-02-26 16:13:40', NULL),
(348, 5, 12, 3, '2020-02-26 16:13:40', '2020-02-26 16:13:40', NULL),
(349, 6, 1, 3, '2020-02-26 16:13:40', '2020-02-26 16:13:40', NULL),
(350, 6, 2, 3, '2020-02-26 16:13:40', '2020-02-26 16:13:40', NULL),
(351, 6, 3, 3, '2020-02-26 16:13:40', '2020-02-26 16:13:40', NULL),
(352, 6, 4, 3, '2020-02-26 16:13:40', '2020-02-26 16:13:40', NULL),
(353, 6, 5, 3, '2020-02-26 16:13:40', '2020-02-26 16:13:40', NULL),
(354, 6, 6, 3, '2020-02-26 16:13:40', '2020-02-26 16:13:40', NULL),
(355, 6, 7, 3, '2020-02-26 16:13:40', '2020-02-26 16:13:40', NULL),
(356, 6, 8, 3, '2020-02-26 16:13:40', '2020-02-26 16:13:40', NULL),
(357, 6, 9, 3, '2020-02-26 16:13:40', '2020-02-26 16:13:40', NULL),
(358, 6, 10, 3, '2020-02-26 16:13:40', '2020-02-26 16:13:40', NULL),
(359, 6, 11, 3, '2020-02-26 16:13:40', '2020-02-26 16:13:40', NULL),
(360, 6, 12, 3, '2020-02-26 16:13:40', '2020-02-26 16:13:40', NULL),
(361, 7, 1, 3, '2020-02-26 16:13:40', '2020-02-26 16:13:40', NULL),
(362, 7, 2, 3, '2020-02-26 16:13:40', '2020-02-26 16:13:40', NULL),
(363, 7, 3, 3, '2020-02-26 16:13:40', '2020-02-26 16:13:40', NULL),
(364, 7, 4, 3, '2020-02-26 16:13:40', '2020-02-26 16:13:40', NULL),
(365, 7, 5, 3, '2020-02-26 16:13:40', '2020-02-26 16:13:40', NULL),
(366, 7, 6, 3, '2020-02-26 16:13:41', '2020-02-26 16:13:41', NULL),
(367, 7, 7, 3, '2020-02-26 16:13:41', '2020-02-26 16:13:41', NULL),
(368, 7, 8, 3, '2020-02-26 16:13:41', '2020-02-26 16:13:41', NULL),
(369, 7, 9, 3, '2020-02-26 16:13:41', '2020-02-26 16:13:41', NULL),
(370, 7, 10, 3, '2020-02-26 16:13:41', '2020-02-26 16:13:41', NULL),
(371, 7, 11, 3, '2020-02-26 16:13:41', '2020-02-26 16:13:41', NULL),
(372, 7, 12, 3, '2020-02-26 16:13:41', '2020-02-26 16:13:41', NULL),
(373, 8, 1, 3, '2020-02-26 16:13:41', '2020-02-26 16:13:41', NULL),
(374, 8, 2, 3, '2020-02-26 16:13:41', '2020-02-26 16:13:41', NULL),
(375, 8, 3, 3, '2020-02-26 16:13:41', '2020-02-26 16:13:41', NULL),
(376, 8, 4, 3, '2020-02-26 16:13:41', '2020-02-26 16:13:41', NULL),
(377, 8, 5, 3, '2020-02-26 16:13:41', '2020-02-26 16:13:41', NULL),
(378, 8, 6, 3, '2020-02-26 16:13:41', '2020-02-26 16:13:41', NULL),
(379, 8, 7, 3, '2020-02-26 16:13:41', '2020-02-26 16:13:41', NULL),
(380, 8, 8, 3, '2020-02-26 16:13:41', '2020-02-26 16:13:41', NULL),
(381, 8, 9, 3, '2020-02-26 16:13:41', '2020-02-26 16:13:41', NULL),
(382, 8, 10, 3, '2020-02-26 16:13:41', '2020-02-26 16:13:41', NULL),
(383, 8, 11, 3, '2020-02-26 16:13:41', '2020-02-26 16:13:41', NULL),
(384, 8, 12, 3, '2020-02-26 16:13:42', '2020-02-26 16:13:42', NULL),
(385, 9, 1, 3, '2020-02-26 16:13:42', '2020-02-26 16:13:42', NULL),
(386, 9, 2, 3, '2020-02-26 16:13:42', '2020-02-26 16:13:42', NULL),
(387, 9, 3, 3, '2020-02-26 16:13:42', '2020-02-26 16:13:42', NULL),
(388, 9, 4, 3, '2020-02-26 16:13:42', '2020-02-26 16:13:42', NULL),
(389, 9, 5, 3, '2020-02-26 16:13:42', '2020-02-26 16:13:42', NULL),
(390, 9, 6, 3, '2020-02-26 16:13:42', '2020-02-26 16:13:42', NULL),
(391, 9, 7, 3, '2020-02-26 16:13:42', '2020-02-26 16:13:42', NULL),
(392, 9, 8, 3, '2020-02-26 16:13:42', '2020-02-26 16:13:42', NULL),
(393, 9, 9, 3, '2020-02-26 16:13:42', '2020-02-26 16:13:42', NULL),
(394, 9, 10, 3, '2020-02-26 16:13:42', '2020-02-26 16:13:42', NULL),
(395, 9, 11, 3, '2020-02-26 16:13:42', '2020-02-26 16:13:42', NULL),
(396, 9, 12, 3, '2020-02-26 16:13:42', '2020-02-26 16:13:42', NULL),
(397, 10, 1, 3, '2020-02-26 16:13:42', '2020-02-26 16:13:42', NULL),
(398, 10, 2, 3, '2020-02-26 16:13:42', '2020-02-26 16:13:42', NULL),
(399, 10, 3, 3, '2020-02-26 16:13:42', '2020-02-26 16:13:42', NULL),
(400, 10, 4, 3, '2020-02-26 16:13:42', '2020-02-26 16:13:42', NULL),
(401, 10, 5, 3, '2020-02-26 16:13:42', '2020-02-26 16:13:42', NULL),
(402, 10, 6, 3, '2020-02-26 16:13:42', '2020-02-26 16:13:42', NULL),
(403, 10, 7, 3, '2020-02-26 16:13:42', '2020-02-26 16:13:42', NULL),
(404, 10, 8, 3, '2020-02-26 16:13:42', '2020-02-26 16:13:42', NULL),
(405, 10, 9, 3, '2020-02-26 16:13:42', '2020-02-26 16:13:42', NULL),
(406, 10, 10, 3, '2020-02-26 16:13:42', '2020-02-26 16:13:42', NULL),
(407, 10, 11, 3, '2020-02-26 16:13:43', '2020-02-26 16:13:43', NULL),
(408, 10, 12, 3, '2020-02-26 16:13:43', '2020-02-26 16:13:43', NULL),
(409, 11, 1, 3, '2020-02-26 16:13:43', '2020-02-26 16:13:43', NULL),
(410, 11, 2, 3, '2020-02-26 16:13:43', '2020-02-26 16:13:43', NULL),
(411, 11, 3, 3, '2020-02-26 16:13:43', '2020-02-26 16:13:43', NULL),
(412, 11, 4, 3, '2020-02-26 16:13:43', '2020-02-26 16:13:43', NULL),
(413, 11, 5, 3, '2020-02-26 16:13:43', '2020-02-26 16:13:43', NULL),
(414, 11, 6, 3, '2020-02-26 16:13:43', '2020-02-26 16:13:43', NULL),
(415, 11, 7, 3, '2020-02-26 16:13:43', '2020-02-26 16:13:43', NULL),
(416, 11, 8, 3, '2020-02-26 16:13:43', '2020-02-26 16:13:43', NULL),
(417, 11, 9, 3, '2020-02-26 16:13:43', '2020-02-26 16:13:43', NULL),
(418, 11, 10, 3, '2020-02-26 16:13:43', '2020-02-26 16:13:43', NULL),
(419, 11, 11, 3, '2020-02-26 16:13:43', '2020-02-26 16:13:43', NULL),
(420, 11, 12, 3, '2020-02-26 16:13:43', '2020-02-26 16:13:43', NULL),
(421, 12, 1, 3, '2020-02-26 16:13:43', '2020-02-26 16:13:43', NULL),
(422, 12, 2, 3, '2020-02-26 16:13:43', '2020-02-26 16:13:43', NULL),
(423, 12, 3, 3, '2020-02-26 16:13:43', '2020-02-26 16:13:43', NULL),
(424, 12, 4, 3, '2020-02-26 16:13:43', '2020-02-26 16:13:43', NULL),
(425, 12, 5, 3, '2020-02-26 16:13:43', '2020-02-26 16:13:43', NULL),
(426, 12, 6, 3, '2020-02-26 16:13:43', '2020-02-26 16:13:43', NULL),
(427, 12, 7, 3, '2020-02-26 16:13:43', '2020-02-26 16:13:43', NULL),
(428, 12, 8, 3, '2020-02-26 16:13:43', '2020-02-26 16:13:43', NULL),
(429, 12, 9, 3, '2020-02-26 16:13:43', '2020-02-26 16:13:43', NULL),
(430, 12, 10, 3, '2020-02-26 16:13:44', '2020-02-26 16:13:44', NULL),
(431, 12, 11, 3, '2020-02-26 16:13:44', '2020-02-26 16:13:44', NULL),
(432, 12, 12, 3, '2020-02-26 16:13:44', '2020-02-26 16:13:44', NULL),
(433, 1, 1, 4, '2020-02-26 16:13:44', '2020-02-26 16:13:44', NULL),
(434, 1, 2, 4, '2020-02-26 16:13:44', '2020-02-26 16:13:44', NULL),
(435, 1, 3, 4, '2020-02-26 16:13:44', '2020-02-26 16:13:44', NULL),
(436, 1, 4, 4, '2020-02-26 16:13:44', '2020-02-26 16:13:44', NULL),
(437, 1, 5, 4, '2020-02-26 16:13:44', '2020-02-26 16:13:44', NULL),
(438, 1, 6, 4, '2020-02-26 16:13:44', '2020-02-26 16:13:44', NULL),
(439, 1, 7, 4, '2020-02-26 16:13:44', '2020-02-26 16:13:44', NULL),
(440, 1, 8, 4, '2020-02-26 16:13:44', '2020-02-26 16:13:44', NULL),
(441, 1, 9, 4, '2020-02-26 16:13:44', '2020-02-26 16:13:44', NULL),
(442, 1, 10, 4, '2020-02-26 16:13:44', '2020-02-26 16:13:44', NULL),
(443, 1, 11, 4, '2020-02-26 16:13:44', '2020-02-26 16:13:44', NULL),
(444, 1, 12, 4, '2020-02-26 16:13:44', '2020-02-26 16:13:44', NULL),
(445, 2, 1, 4, '2020-02-26 16:13:44', '2020-02-26 16:13:44', NULL),
(446, 2, 2, 4, '2020-02-26 16:13:44', '2020-02-26 16:13:44', NULL),
(447, 2, 3, 4, '2020-02-26 16:13:44', '2020-02-26 16:13:44', NULL),
(448, 2, 4, 4, '2020-02-26 16:13:44', '2020-02-26 16:13:44', NULL),
(449, 2, 5, 4, '2020-02-26 16:13:44', '2020-02-26 16:13:44', NULL),
(450, 2, 6, 4, '2020-02-26 16:13:44', '2020-02-26 16:13:44', NULL),
(451, 2, 7, 4, '2020-02-26 16:13:44', '2020-02-26 16:13:44', NULL),
(452, 2, 8, 4, '2020-02-26 16:13:44', '2020-02-26 16:13:44', NULL),
(453, 2, 9, 4, '2020-02-26 16:13:44', '2020-02-26 16:13:44', NULL),
(454, 2, 10, 4, '2020-02-26 16:13:44', '2020-02-26 16:13:44', NULL),
(455, 2, 11, 4, '2020-02-26 16:13:44', '2020-02-26 16:13:44', NULL),
(456, 2, 12, 4, '2020-02-26 16:13:44', '2020-02-26 16:13:44', NULL),
(457, 3, 1, 4, '2020-02-26 16:13:45', '2020-02-26 16:13:45', NULL),
(458, 3, 2, 4, '2020-02-26 16:13:45', '2020-02-26 16:13:45', NULL),
(459, 3, 3, 4, '2020-02-26 16:13:45', '2020-02-26 16:13:45', NULL),
(460, 3, 4, 4, '2020-02-26 16:13:45', '2020-02-26 16:13:45', NULL),
(461, 3, 5, 4, '2020-02-26 16:13:45', '2020-02-26 16:13:45', NULL),
(462, 3, 6, 4, '2020-02-26 16:13:45', '2020-02-26 16:13:45', NULL),
(463, 3, 7, 4, '2020-02-26 16:13:45', '2020-02-26 16:13:45', NULL),
(464, 3, 8, 4, '2020-02-26 16:13:45', '2020-02-26 16:13:45', NULL),
(465, 3, 9, 4, '2020-02-26 16:13:45', '2020-02-26 16:13:45', NULL),
(466, 3, 10, 4, '2020-02-26 16:13:45', '2020-02-26 16:13:45', NULL),
(467, 3, 11, 4, '2020-02-26 16:13:45', '2020-02-26 16:13:45', NULL),
(468, 3, 12, 4, '2020-02-26 16:13:45', '2020-02-26 16:13:45', NULL),
(469, 4, 1, 4, '2020-02-26 16:13:45', '2020-02-26 16:13:45', NULL),
(470, 4, 2, 4, '2020-02-26 16:13:45', '2020-02-26 16:13:45', NULL),
(471, 4, 3, 4, '2020-02-26 16:13:45', '2020-02-26 16:13:45', NULL),
(472, 4, 4, 4, '2020-02-26 16:13:45', '2020-02-26 16:13:45', NULL),
(473, 4, 5, 4, '2020-02-26 16:13:45', '2020-02-26 16:13:45', NULL),
(474, 4, 6, 4, '2020-02-26 16:13:46', '2020-02-26 16:13:46', NULL),
(475, 4, 7, 4, '2020-02-26 16:13:46', '2020-02-26 16:13:46', NULL),
(476, 4, 8, 4, '2020-02-26 16:13:46', '2020-02-26 16:13:46', NULL),
(477, 4, 9, 4, '2020-02-26 16:13:46', '2020-02-26 16:13:46', NULL),
(478, 4, 10, 4, '2020-02-26 16:13:46', '2020-02-26 16:13:46', NULL),
(479, 4, 11, 4, '2020-02-26 16:13:46', '2020-02-26 16:13:46', NULL),
(480, 4, 12, 4, '2020-02-26 16:13:46', '2020-02-26 16:13:46', NULL),
(481, 5, 1, 4, '2020-02-26 16:13:46', '2020-02-26 16:13:46', NULL),
(482, 5, 2, 4, '2020-02-26 16:13:46', '2020-02-26 16:13:46', NULL),
(483, 5, 3, 4, '2020-02-26 16:13:46', '2020-02-26 16:13:46', NULL),
(484, 5, 4, 4, '2020-02-26 16:13:46', '2020-02-26 16:13:46', NULL),
(485, 5, 5, 4, '2020-02-26 16:13:46', '2020-02-26 16:13:46', NULL),
(486, 5, 6, 4, '2020-02-26 16:13:46', '2020-02-26 16:13:46', NULL),
(487, 5, 7, 4, '2020-02-26 16:13:46', '2020-02-26 16:13:46', NULL),
(488, 5, 8, 4, '2020-02-26 16:13:46', '2020-02-26 16:13:46', NULL),
(489, 5, 9, 4, '2020-02-26 16:13:46', '2020-02-26 16:13:46', NULL),
(490, 5, 10, 4, '2020-02-26 16:13:46', '2020-02-26 16:13:46', NULL),
(491, 5, 11, 4, '2020-02-26 16:13:46', '2020-02-26 16:13:46', NULL),
(492, 5, 12, 4, '2020-02-26 16:13:46', '2020-02-26 16:13:46', NULL),
(493, 6, 1, 4, '2020-02-26 16:13:46', '2020-02-26 16:13:46', NULL),
(494, 6, 2, 4, '2020-02-26 16:13:46', '2020-02-26 16:13:46', NULL),
(495, 6, 3, 4, '2020-02-26 16:13:46', '2020-02-26 16:13:46', NULL),
(496, 6, 4, 4, '2020-02-26 16:13:46', '2020-02-26 16:13:46', NULL),
(497, 6, 5, 4, '2020-02-26 16:13:46', '2020-02-26 16:13:46', NULL),
(498, 6, 6, 4, '2020-02-26 16:13:46', '2020-02-26 16:13:46', NULL),
(499, 6, 7, 4, '2020-02-26 16:13:46', '2020-02-26 16:13:46', NULL),
(500, 6, 8, 4, '2020-02-26 16:13:46', '2020-02-26 16:13:46', NULL),
(501, 6, 9, 4, '2020-02-26 16:13:47', '2020-02-26 16:13:47', NULL),
(502, 6, 10, 4, '2020-02-26 16:13:47', '2020-02-26 16:13:47', NULL),
(503, 6, 11, 4, '2020-02-26 16:13:47', '2020-02-26 16:13:47', NULL),
(504, 6, 12, 4, '2020-02-26 16:13:47', '2020-02-26 16:13:47', NULL),
(505, 7, 1, 4, '2020-02-26 16:13:47', '2020-02-26 16:13:47', NULL),
(506, 7, 2, 4, '2020-02-26 16:13:47', '2020-02-26 16:13:47', NULL),
(507, 7, 3, 4, '2020-02-26 16:13:47', '2020-02-26 16:13:47', NULL),
(508, 7, 4, 4, '2020-02-26 16:13:47', '2020-02-26 16:13:47', NULL),
(509, 7, 5, 4, '2020-02-26 16:13:47', '2020-02-26 16:13:47', NULL),
(510, 7, 6, 4, '2020-02-26 16:13:47', '2020-02-26 16:13:47', NULL),
(511, 7, 7, 4, '2020-02-26 16:13:47', '2020-02-26 16:13:47', NULL),
(512, 7, 8, 4, '2020-02-26 16:13:47', '2020-02-26 16:13:47', NULL),
(513, 7, 9, 4, '2020-02-26 16:13:47', '2020-02-26 16:13:47', NULL),
(514, 7, 10, 4, '2020-02-26 16:13:47', '2020-02-26 16:13:47', NULL),
(515, 7, 11, 4, '2020-02-26 16:13:47', '2020-02-26 16:13:47', NULL),
(516, 7, 12, 4, '2020-02-26 16:13:47', '2020-02-26 16:13:47', NULL),
(517, 8, 1, 4, '2020-02-26 16:13:47', '2020-02-26 16:13:47', NULL),
(518, 8, 2, 4, '2020-02-26 16:13:47', '2020-02-26 16:13:47', NULL),
(519, 8, 3, 4, '2020-02-26 16:13:47', '2020-02-26 16:13:47', NULL),
(520, 8, 4, 4, '2020-02-26 16:13:47', '2020-02-26 16:13:47', NULL),
(521, 8, 5, 4, '2020-02-26 16:13:47', '2020-02-26 16:13:47', NULL),
(522, 8, 6, 4, '2020-02-26 16:13:47', '2020-02-26 16:13:47', NULL),
(523, 8, 7, 4, '2020-02-26 16:13:47', '2020-02-26 16:13:47', NULL),
(524, 8, 8, 4, '2020-02-26 16:13:47', '2020-02-26 16:13:47', NULL),
(525, 8, 9, 4, '2020-02-26 16:13:47', '2020-02-26 16:13:47', NULL),
(526, 8, 10, 4, '2020-02-26 16:13:47', '2020-02-26 16:13:47', NULL),
(527, 8, 11, 4, '2020-02-26 16:13:47', '2020-02-26 16:13:47', NULL),
(528, 8, 12, 4, '2020-02-26 16:13:47', '2020-02-26 16:13:47', NULL),
(529, 9, 1, 4, '2020-02-26 16:13:48', '2020-02-26 16:13:48', NULL),
(530, 9, 2, 4, '2020-02-26 16:13:48', '2020-02-26 16:13:48', NULL),
(531, 9, 3, 4, '2020-02-26 16:13:48', '2020-02-26 16:13:48', NULL),
(532, 9, 4, 4, '2020-02-26 16:13:48', '2020-02-26 16:13:48', NULL),
(533, 9, 5, 4, '2020-02-26 16:13:48', '2020-02-26 16:13:48', NULL),
(534, 9, 6, 4, '2020-02-26 16:13:48', '2020-02-26 16:13:48', NULL),
(535, 9, 7, 4, '2020-02-26 16:13:48', '2020-02-26 16:13:48', NULL),
(536, 9, 8, 4, '2020-02-26 16:13:48', '2020-02-26 16:13:48', NULL),
(537, 9, 9, 4, '2020-02-26 16:13:48', '2020-02-26 16:13:48', NULL),
(538, 9, 10, 4, '2020-02-26 16:13:48', '2020-02-26 16:13:48', NULL),
(539, 9, 11, 4, '2020-02-26 16:13:48', '2020-02-26 16:13:48', NULL),
(540, 9, 12, 4, '2020-02-26 16:13:48', '2020-02-26 16:13:48', NULL),
(541, 10, 1, 4, '2020-02-26 16:13:48', '2020-02-26 16:13:48', NULL),
(542, 10, 2, 4, '2020-02-26 16:13:48', '2020-02-26 16:13:48', NULL),
(543, 10, 3, 4, '2020-02-26 16:13:48', '2020-02-26 16:13:48', NULL),
(544, 10, 4, 4, '2020-02-26 16:13:48', '2020-02-26 16:13:48', NULL),
(545, 10, 5, 4, '2020-02-26 16:13:48', '2020-02-26 16:13:48', NULL),
(546, 10, 6, 4, '2020-02-26 16:13:48', '2020-02-26 16:13:48', NULL),
(547, 10, 7, 4, '2020-02-26 16:13:48', '2020-02-26 16:13:48', NULL),
(548, 10, 8, 4, '2020-02-26 16:13:48', '2020-02-26 16:13:48', NULL),
(549, 10, 9, 4, '2020-02-26 16:13:49', '2020-02-26 16:13:49', NULL),
(550, 10, 10, 4, '2020-02-26 16:13:49', '2020-02-26 16:13:49', NULL),
(551, 10, 11, 4, '2020-02-26 16:13:49', '2020-02-26 16:13:49', NULL),
(552, 10, 12, 4, '2020-02-26 16:13:49', '2020-02-26 16:13:49', NULL),
(553, 11, 1, 4, '2020-02-26 16:13:49', '2020-02-26 16:13:49', NULL),
(554, 11, 2, 4, '2020-02-26 16:13:49', '2020-02-26 16:13:49', NULL),
(555, 11, 3, 4, '2020-02-26 16:13:49', '2020-02-26 16:13:49', NULL),
(556, 11, 4, 4, '2020-02-26 16:13:49', '2020-02-26 16:13:49', NULL),
(557, 11, 5, 4, '2020-02-26 16:13:49', '2020-02-26 16:13:49', NULL),
(558, 11, 6, 4, '2020-02-26 16:13:49', '2020-02-26 16:13:49', NULL),
(559, 11, 7, 4, '2020-02-26 16:13:49', '2020-02-26 16:13:49', NULL),
(560, 11, 8, 4, '2020-02-26 16:13:49', '2020-02-26 16:13:49', NULL),
(561, 11, 9, 4, '2020-02-26 16:13:49', '2020-02-26 16:13:49', NULL),
(562, 11, 10, 4, '2020-02-26 16:13:49', '2020-02-26 16:13:49', NULL),
(563, 11, 11, 4, '2020-02-26 16:13:49', '2020-02-26 16:13:49', NULL),
(564, 11, 12, 4, '2020-02-26 16:13:49', '2020-02-26 16:13:49', NULL),
(565, 12, 1, 4, '2020-02-26 16:13:49', '2020-02-26 16:13:49', NULL),
(566, 12, 2, 4, '2020-02-26 16:13:49', '2020-02-26 16:13:49', NULL),
(567, 12, 3, 4, '2020-02-26 16:13:49', '2020-02-26 16:13:49', NULL),
(568, 12, 4, 4, '2020-02-26 16:13:49', '2020-02-26 16:13:49', NULL),
(569, 12, 5, 4, '2020-02-26 16:13:49', '2020-02-26 16:13:49', NULL),
(570, 12, 6, 4, '2020-02-26 16:13:49', '2020-02-26 16:13:49', NULL),
(571, 12, 7, 4, '2020-02-26 16:13:49', '2020-02-26 16:13:49', NULL),
(572, 12, 8, 4, '2020-02-26 16:13:49', '2020-02-26 16:13:49', NULL),
(573, 12, 9, 4, '2020-02-26 16:13:49', '2020-02-26 16:13:49', NULL),
(574, 12, 10, 4, '2020-02-26 16:13:49', '2020-02-26 16:13:49', NULL),
(575, 12, 11, 4, '2020-02-26 16:13:50', '2020-02-26 16:13:50', NULL),
(576, 12, 12, 4, '2020-02-26 16:13:50', '2020-02-26 16:13:50', NULL),
(578, 3, 5, 6, '2020-07-01 10:33:42', '2020-07-01 10:36:01', '2020-07-01 10:36:01'),
(579, 1, 1, 6, '2020-07-01 10:35:51', '2020-07-01 10:35:51', NULL),
(580, 1, 2, 6, '2020-07-01 10:45:29', '2020-07-01 10:45:29', NULL),
(581, 1, 3, 6, '2020-07-01 10:45:49', '2020-07-01 10:45:49', NULL),
(582, 1, 4, 6, '2020-07-01 10:46:40', '2020-07-01 10:46:40', NULL);

-- --------------------------------------------------------

--
-- Table structure for table `seat_reserveds`
--

CREATE TABLE `seat_reserveds` (
  `id` int(10) UNSIGNED NOT NULL,
  `seat_id` int(10) UNSIGNED NOT NULL,
  `reservation_id` int(10) UNSIGNED NOT NULL,
  `screening_id` int(10) UNSIGNED NOT NULL,
  `created_at` timestamp NULL DEFAULT NULL,
  `updated_at` timestamp NULL DEFAULT NULL,
  `deleted_at` timestamp NULL DEFAULT NULL
) ENGINE=InnoDB DEFAULT CHARSET=utf8mb4 COLLATE=utf8mb4_unicode_ci;

--
-- Dumping data for table `seat_reserveds`
--

INSERT INTO `seat_reserveds` (`id`, `seat_id`, `reservation_id`, `screening_id`, `created_at`, `updated_at`, `deleted_at`) VALUES
(1, 6, 1, 1, '2020-02-26 16:16:18', '2020-02-26 16:16:39', '2020-02-26 16:16:39'),
(2, 18, 1, 1, '2020-02-26 16:16:18', '2020-02-26 16:16:39', '2020-02-26 16:16:39'),
(3, 30, 1, 1, '2020-02-26 16:16:19', '2020-02-26 16:16:39', '2020-02-26 16:16:39'),
(4, 42, 1, 1, '2020-02-26 16:16:19', '2020-02-26 16:16:39', '2020-02-26 16:16:39'),
(5, 30, 2, 1, '2020-02-26 16:17:50', '2020-02-26 16:17:50', NULL),
(6, 42, 2, 1, '2020-02-26 16:17:50', '2020-02-26 16:17:50', NULL),
(7, 181, 3, 1, '2020-02-26 16:37:28', '2020-02-26 16:37:28', NULL),
(8, 157, 3, 1, '2020-02-26 16:37:28', '2020-02-26 16:37:28', NULL),
(9, 169, 3, 1, '2020-02-26 16:37:28', '2020-02-26 16:37:28', NULL),
(10, 181, 4, 1, '2020-02-26 16:37:28', '2020-02-26 16:37:28', NULL),
(11, 157, 4, 1, '2020-02-26 16:37:28', '2020-02-26 16:37:28', NULL),
(12, 169, 4, 1, '2020-02-26 16:37:28', '2020-02-26 16:37:28', NULL);

-- --------------------------------------------------------

--
-- Table structure for table `users`
--

CREATE TABLE `users` (
  `id` int(10) UNSIGNED NOT NULL,
  `role_id` int(11) NOT NULL DEFAULT 1,
  `is_active` int(11) NOT NULL DEFAULT 1,
  `name` varchar(255) COLLATE utf8mb4_unicode_ci NOT NULL,
  `email` varchar(255) COLLATE utf8mb4_unicode_ci NOT NULL,
  `password` varchar(255) COLLATE utf8mb4_unicode_ci NOT NULL,
  `remember_token` varchar(100) COLLATE utf8mb4_unicode_ci DEFAULT NULL,
  `created_at` timestamp NULL DEFAULT NULL,
  `updated_at` timestamp NULL DEFAULT NULL,
  `deleted_at` timestamp NULL DEFAULT NULL
) ENGINE=InnoDB DEFAULT CHARSET=utf8mb4 COLLATE=utf8mb4_unicode_ci;

--
-- Dumping data for table `users`
--

INSERT INTO `users` (`id`, `role_id`, `is_active`, `name`, `email`, `password`, `remember_token`, `created_at`, `updated_at`, `deleted_at`) VALUES
(1, 1, 1, 'user', 'user@gmail.com', '$2y$10$y5XsdusVEJ46ZgyRNUgKOe6XXM74GISjjzV4vn7TQfYTb2g8bX.aa', NULL, '2020-02-26 16:13:50', '2020-02-26 16:13:50', NULL),
(2, 2, 1, 'moderator', 'moderator@gmail.com', '$2y$10$/HUkytOYGh4idijXTeD3aOUdHTeFJ1q0F4gIVjK.WJ8ThyJdX7G72', NULL, '2020-02-26 16:13:50', '2020-02-26 16:13:50', NULL),
(3, 3, 1, 'admin', 'admin@gmail.com', '$2y$10$udlY09nY2tWDS6QBd7L4KeTSwfO2wRbZoZBpWwwxfIbperc87hrES', NULL, '2020-02-26 16:13:50', '2020-02-26 16:13:50', NULL),
(4, 1, 1, 'asfas', 'asfas@gmail.com', '$2y$10$fFBI6ULCbO4T7XVJX7jPc.hk2bNvSgzMHrwwCBhbhC0ykyOz6ogze', NULL, '2020-02-26 16:26:47', '2020-02-26 16:26:47', NULL),
(5, 1, 1, 'ana', 'ana@gmail.com', '$2y$10$SqaSUh8RPg159XE9OkEOyex.WWZpKOR6GEVGtJnrlCCZD93878/Xm', NULL, '2020-07-01 08:49:54', '2020-07-01 08:49:54', NULL);

--
-- Indexes for dumped tables
--

--
-- Indexes for table `halls`
--
ALTER TABLE `halls`
  ADD PRIMARY KEY (`id`);

--
-- Indexes for table `migrations`
--
ALTER TABLE `migrations`
  ADD PRIMARY KEY (`id`);

--
-- Indexes for table `movies`
--
ALTER TABLE `movies`
  ADD PRIMARY KEY (`id`);

--
-- Indexes for table `password_resets`
--
ALTER TABLE `password_resets`
  ADD KEY `password_resets_email_index` (`email`);

--
-- Indexes for table `reservations`
--
ALTER TABLE `reservations`
  ADD PRIMARY KEY (`id`);

--
-- Indexes for table `roles`
--
ALTER TABLE `roles`
  ADD PRIMARY KEY (`id`);

--
-- Indexes for table `screenings`
--
ALTER TABLE `screenings`
  ADD PRIMARY KEY (`id`);

--
-- Indexes for table `seats`
--
ALTER TABLE `seats`
  ADD PRIMARY KEY (`id`),
  ADD UNIQUE KEY `seats_row_number_hall_id_unique` (`row`,`number`,`hall_id`);

--
-- Indexes for table `seat_reserveds`
--
ALTER TABLE `seat_reserveds`
  ADD PRIMARY KEY (`id`);

--
-- Indexes for table `users`
--
ALTER TABLE `users`
  ADD PRIMARY KEY (`id`),
  ADD UNIQUE KEY `users_email_unique` (`email`);

--
-- AUTO_INCREMENT for dumped tables
--

--
-- AUTO_INCREMENT for table `halls`
--
ALTER TABLE `halls`
  MODIFY `id` int(10) UNSIGNED NOT NULL AUTO_INCREMENT, AUTO_INCREMENT=7;

--
-- AUTO_INCREMENT for table `migrations`
--
ALTER TABLE `migrations`
  MODIFY `id` int(10) UNSIGNED NOT NULL AUTO_INCREMENT, AUTO_INCREMENT=11;

--
-- AUTO_INCREMENT for table `movies`
--
ALTER TABLE `movies`
  MODIFY `id` int(10) UNSIGNED NOT NULL AUTO_INCREMENT, AUTO_INCREMENT=7;

--
-- AUTO_INCREMENT for table `reservations`
--
ALTER TABLE `reservations`
  MODIFY `id` int(10) UNSIGNED NOT NULL AUTO_INCREMENT, AUTO_INCREMENT=24;

--
-- AUTO_INCREMENT for table `roles`
--
ALTER TABLE `roles`
  MODIFY `id` bigint(20) UNSIGNED NOT NULL AUTO_INCREMENT, AUTO_INCREMENT=4;

--
-- AUTO_INCREMENT for table `screenings`
--
ALTER TABLE `screenings`
  MODIFY `id` int(10) UNSIGNED NOT NULL AUTO_INCREMENT, AUTO_INCREMENT=18;

--
-- AUTO_INCREMENT for table `seats`
--
ALTER TABLE `seats`
  MODIFY `id` int(10) UNSIGNED NOT NULL AUTO_INCREMENT, AUTO_INCREMENT=583;

--
-- AUTO_INCREMENT for table `seat_reserveds`
--
ALTER TABLE `seat_reserveds`
  MODIFY `id` int(10) UNSIGNED NOT NULL AUTO_INCREMENT, AUTO_INCREMENT=13;

--
-- AUTO_INCREMENT for table `users`
--
ALTER TABLE `users`
  MODIFY `id` int(10) UNSIGNED NOT NULL AUTO_INCREMENT, AUTO_INCREMENT=6;
COMMIT;

/*!40101 SET CHARACTER_SET_CLIENT=@OLD_CHARACTER_SET_CLIENT */;
/*!40101 SET CHARACTER_SET_RESULTS=@OLD_CHARACTER_SET_RESULTS */;
/*!40101 SET COLLATION_CONNECTION=@OLD_COLLATION_CONNECTION */;
